x_i,y_i,z_i,Time to Land (s),Landing Result (Success/Fail),x_final,y_final,z_final,final_roll,final_pitch,final_yaw
-115.1743727062898,46.783091708284736,55.26889116800139,21.16212749481201,Fail,-114.78142054301786,46.63456581484252,54.88811049059174,,,
