x_i,y_i,z_i,Time to Land (s),Landing Result (Success/Fail),x_final,y_final,z_final,final_roll,final_pitch,final_yaw
-64.9314316575665,62.826450220528514,66.11760884554145,151.233989238739,Fail,-64.93143165764003,62.82645022053218,66.11760890424212,,,
